5:16,463
5:16,475
5:15,488
5:15,500
5:14,513
5:14,525
5:13,538
5:13,550
5:12,563
5:12,575
5:11,588
5:11,600
5:10,613
5:10,625
5:09,638
5:09,650
5:08,663
5:08,675
5:07,688
5:07,700
5:06,713
5:06,725
5:05,738
5:05,750
5:04,763
5:04,775
5:03,788
5:03,800
5:02,813
5:02,825
5:01,838
5:01,850
5:00,863
5:00,875
4:59,888
4:59,900
4:58,913
4:58,925
4:57,938
4:57,950
4:56,963
4:56,975
4:55,988
4:55,1000
4:54,1013
4:54,1025
4:53,1038
4:53,1050
4:52,1063
4:52,1075
4:51,1088
4:51,1100
4:50,1113
4:50,1125
4:49,1138
4:49,1150
4:49,1163
4:49,1175
4:49,1188
4:49,1200
4:49,1213
4:49,1225
4:49,1238
4:49,1250
4:49,1263
4:49,1275
4:49,1288
4:49,1300
4:49,1313
4:49,1325
4:49,1338
4:49,1363
